# device,"iPhone12,1"
# systemVersion,iOS 26.6.2
# xcode,26.3
# build,release
# thermalStart,nominal
# thermalEnd,nominal
# totalDuration_s,987.4
# runsPerCommand,10
command,run,started_at_s,duration_ms,end_of_audio_to_acting_ms,end_of_audio_to_terminal_ms,interaction_to_terminal_ms,status,thermal_state
move_up,1,0.0,1962.7,n/a,3047.1,5088.3,unsupported,nominal
move_left,1,9.9,1621.3,2792.1,3697.2,5385.8,completed,nominal
move,1,18.6,1685.3,n/a,3102.4,4857.7,unsupported,nominal
stop,1,26.7,2880.0,n/a,758.8,3762.0,cancelled,nominal
shift_right,1,33.7,2048.0,2860.2,3776.7,5917.9,completed,nominal
centre,1,42.9,4970.7,720.1,1631.9,6810.6,completed,nominal
go_crimson,1,53.0,2218.7,n/a,3063.8,5378.2,unsupported,nominal
move_top,1,61.6,3626.7,n/a,2329.1,6107.9,unsupported,nominal
colour_ocean,1,71.0,4757.3,n/a,2689.3,7651.8,unsupported,nominal
move_down,1,81.9,3669.3,n/a,2285.4,6106.7,unsupported,nominal
move_left,2,101.3,1621.3,2787.4,3703.7,5400.8,completed,nominal
stop,2,109.9,2880.0,n/a,735.3,3740.1,cancelled,nominal
centre,2,116.9,4970.7,661.2,1565.4,6751.8,completed,nominal
move_up,2,126.9,1962.7,n/a,3047.7,5090.6,unsupported,nominal
move,2,135.2,1685.3,n/a,3101.4,4865.7,unsupported,nominal
shift_right,2,143.3,2048.0,2789.2,3705.9,5836.9,completed,nominal
colour_ocean,2,152.5,4757.3,n/a,2683.3,7645.7,unsupported,nominal
move_top,2,163.3,3626.7,n/a,2319.9,6099.2,unsupported,nominal
go_crimson,2,172.7,2218.7,n/a,3056.1,5364.3,unsupported,nominal
move_down,2,181.4,3669.3,n/a,2269.2,6090.1,unsupported,nominal
colour_ocean,3,200.8,4757.3,n/a,2679.3,7631.1,unsupported,nominal
centre,3,211.7,4970.7,677.1,1597.3,6777.5,completed,nominal
move,3,221.7,1685.3,n/a,3103.7,4862.2,unsupported,nominal
move_left,3,229.8,1621.3,2804.1,3719.3,5410.8,completed,nominal
move_up,3,238.5,1962.7,n/a,3055.8,5097.5,unsupported,nominal
stop,3,246.8,2880.0,n/a,732.5,3737.6,cancelled,nominal
move_down,3,253.8,3669.3,n/a,2283.4,6107.4,unsupported,nominal
move_top,3,263.2,3626.7,n/a,2331.5,6113.9,unsupported,nominal
shift_right,3,272.6,2048.0,2811.2,3723.2,5862.4,completed,nominal
go_crimson,3,281.7,2218.7,n/a,3077.5,5390.3,unsupported,nominal
move,4,300.4,1685.3,n/a,3114.5,4868.3,unsupported,nominal
stop,4,308.5,2880.0,n/a,739.6,3737.6,cancelled,nominal
shift_right,4,315.5,2048.0,2789.1,3704.6,5835.2,completed,nominal
go_crimson,4,324.6,2218.7,n/a,3072.4,5380.3,unsupported,nominal
move_top,4,333.1,3626.7,n/a,2326.9,6113.8,unsupported,nominal
move_up,4,342.5,1962.7,n/a,3050.7,5101.6,unsupported,nominal
centre,4,350.9,4970.7,661.4,1573.5,6765.7,completed,nominal
move_left,4,361.0,1621.3,2799.2,3704.3,5397.1,completed,nominal
colour_ocean,4,369.6,4757.3,n/a,2682.4,7638.3,unsupported,nominal
move_down,4,380.5,3669.3,n/a,2266.5,6087.9,unsupported,nominal
move_up,5,399.9,1962.7,n/a,3052.5,5097.4,unsupported,nominal
stop,5,408.2,2880.0,n/a,733.8,3736.0,cancelled,nominal
go_crimson,5,415.3,2218.7,n/a,3060.0,5374.2,unsupported,nominal
centre,5,423.9,4970.7,651.0,1566.1,6767.9,completed,nominal
colour_ocean,5,433.9,4757.3,n/a,2683.2,7639.0,unsupported,nominal
shift_right,5,444.8,2048.0,2793.8,3710.5,5846.4,completed,nominal
move_down,5,454.0,3669.3,n/a,2273.2,6097.9,unsupported,nominal
move_top,5,463.3,3626.7,n/a,2327.7,6106.5,unsupported,nominal
move,5,472.7,1685.3,n/a,3104.1,4868.7,unsupported,nominal
move_left,5,480.8,1621.3,2793.1,3704.5,5394.4,completed,nominal
centre,6,499.5,4970.7,676.7,1593.9,6781.0,completed,nominal
colour_ocean,6,509.5,4757.3,n/a,2667.9,7621.9,unsupported,nominal
move_top,6,520.4,3626.7,n/a,2317.6,6102.8,unsupported,nominal
shift_right,6,529.8,2048.0,2810.5,3726.8,5863.6,completed,nominal
stop,6,538.9,2880.0,n/a,746.5,3748.4,cancelled,nominal
go_crimson,6,545.8,2218.7,n/a,3066.2,5379.4,unsupported,nominal
move_down,6,554.5,3669.3,n/a,2267.5,6088.2,unsupported,nominal
move,6,563.9,1685.3,n/a,3113.6,4868.8,unsupported,nominal
move_up,6,572.1,1962.7,n/a,3063.6,5116.1,unsupported,nominal
move_left,6,580.5,1621.3,2787.0,3703.4,5399.2,completed,nominal
stop,7,599.2,2880.0,n/a,740.3,3739.5,cancelled,nominal
move_down,7,606.2,3669.3,n/a,2276.5,6096.7,unsupported,nominal
move_top,7,615.6,3626.7,n/a,2318.6,6096.8,unsupported,nominal
go_crimson,7,625.0,2218.7,n/a,3059.9,5377.7,unsupported,nominal
move_left,7,633.7,1621.3,2774.6,3687.4,5384.8,completed,nominal
move,7,642.3,1685.3,n/a,3105.2,4869.4,unsupported,nominal
shift_right,7,650.4,2048.0,2794.1,3710.6,5850.5,completed,nominal
move_up,7,659.5,1962.7,n/a,3059.1,5107.0,unsupported,nominal
colour_ocean,7,667.9,4757.3,n/a,2676.4,7631.5,unsupported,nominal
centre,7,678.8,4970.7,680.0,1596.3,6784.7,completed,nominal
stop,8,698.8,2880.0,n/a,743.6,3751.7,cancelled,nominal
move_top,8,705.8,3626.7,n/a,2328.0,6113.5,unsupported,nominal
go_crimson,8,715.2,2218.7,n/a,3073.5,5381.7,unsupported,nominal
centre,8,723.9,4970.7,654.9,1566.4,6751.2,completed,nominal
move_left,8,733.9,1621.3,2797.8,3714.2,5401.4,completed,nominal
move,8,742.5,1685.3,n/a,3104.2,4863.0,unsupported,nominal
colour_ocean,8,750.6,4757.3,n/a,2694.2,7648.0,unsupported,nominal
move_up,8,761.5,1962.7,n/a,3053.7,5097.5,unsupported,nominal
shift_right,8,769.9,2048.0,2788.3,3693.1,5823.6,completed,nominal
move_down,8,778.9,3669.3,n/a,2268.6,6089.5,unsupported,nominal
go_crimson,9,798.2,2218.7,n/a,3062.1,5375.0,unsupported,nominal
shift_right,9,806.8,2048.0,2794.5,3699.6,5831.6,completed,nominal
move_top,9,815.9,3626.7,n/a,2325.7,6108.8,unsupported,nominal
colour_ocean,9,825.2,4757.3,n/a,2683.7,7646.2,unsupported,nominal
move_up,9,836.1,1962.7,n/a,3045.5,5089.1,unsupported,nominal
stop,9,844.5,2880.0,n/a,740.0,3750.8,cancelled,nominal
centre,9,851.5,4970.7,669.6,1580.8,6768.7,completed,nominal
move,9,861.6,1685.3,n/a,3115.1,4870.3,unsupported,nominal
move_left,9,869.7,1621.3,2799.1,3703.7,5395.7,completed,nominal
move_down,9,878.4,3669.3,n/a,2268.2,6090.6,unsupported,nominal
shift_right,10,897.7,2048.0,2803.0,3719.5,5851.6,completed,nominal
go_crimson,10,906.8,2218.7,n/a,3044.1,5355.9,unsupported,nominal
colour_ocean,10,915.4,4757.3,n/a,2693.1,7656.1,unsupported,nominal
stop,10,926.4,2880.0,n/a,734.9,3735.6,cancelled,nominal
move_left,10,933.4,1621.3,2793.2,3704.1,5395.6,completed,nominal
move_up,10,942.1,1962.7,n/a,3041.3,5086.0,unsupported,nominal
move,10,950.4,1685.3,n/a,3110.0,4865.1,unsupported,nominal
move_top,10,958.5,3626.7,n/a,2320.6,6105.2,unsupported,nominal
centre,10,968.0,4970.7,686.1,1602.7,6785.1,completed,nominal
move_down,10,978.0,3669.3,n/a,2277.2,6096.8,unsupported,nominal
